Type,Date
S,2025-06-17
F,2025-10-29
F,2025-06-22
S,2025-10-18
S,2025-10-21
S,2025-09-30
S,2025-10-09
F,2025-05-27
F,2025-07-23
F,2026-02-26
S,2025-07-19
S,2025-08-13
F,2025-09-02
F,2025-11-14
S,2025-12-25
S,2026-01-18
F,2026-03-07
S,2025-12-02
F,2026-02-09
F,2025-11-22
S,2026-01-12
S,2025-11-08
F,2025-12-17
F,2026-03-23
S,2026-04-01
S,2026-02-16
F,2025-08-29
S,2025-09-25
S,2025-10-15
F,2026-01-07
F,2025-12-05
S,2026-03-19
S,2026-04-20
F,2025-07-01
F,2025-10-04
S,2026-04-12
F,2025-11-10
F,2025-08-21
S,2025-06-25
S,2025-10-01
F,2026-05-05
S,2026-02-28
F,2025-09-16
S,2025-08-03
S,2026-03-29
F,2025-05-15
S,2025-07-13
F,2025-06-04
S,2026-01-26
S,2029-01-26
