ProductionDate,TimeOfProduction
2025-04-15,14:30:00
2025-01-25,16:45:00
2025-09-11,10:00:00
2025-02-20,11:15:00
2025-03-14,13:00:00
2025-11-09,18:00:00
2025-09-18,12:30:00
2025-06-27,09:00:00
2025-12-16,20:45:00
2025-07-02,15:00:00
2025-04-01,11:30:00
2025-02-28,14:00:00
2025-01-30,16:00:00
2025-06-17,10:30:00
2025-03-09,17:15:00
2025-08-03,13:45:00
2025-11-17,09:30:00
2025-04-25,08:00:00
2025-02-06,15:30:00
2025-06-01,12:00:00
2025-07-14,14:15:00
2025-12-11,19:00:00
2025-01-09,10:45:00
2025-05-20,13:30:00
2025-09-05,17:00:00
2025-12-29,21:00:00
2025-03-22,10:00:00
2025-04-01,16:30:00
2025-10-30,12:45:00
2025-02-10,08:30:00
2025-08-07,19:30:00
2025-03-21,14:30:00
2025-06-06,10:00:00
2025-01-17,09:15:00
2025-05-23,17:45:00
2025-07-18,15:30:00
2025-12-23,18:00:00
2025-11-25,11:00:00
2025-04-13,08:15:00
2025-05-02,16:00:00
2025-01-17,19:00:00
2025-06-06,14:30:00
2025-03-28,12:00:00
2025-06-09,13:00:00
2025-12-19,10:30:00
2025-07-25,16:45:00
2025-09-22,09:30:00
2025-04-13,14:15:00
2025-03-15,18:30:00
2025-07-01,10:00:00
